symbol,price,ram_raw,exp_slope,ret_12_1,ret_3m,stoch_k,rsi,cci,wpr,ma_score,stoch_d,atr,above_ma25,above_ma50,above_ma100,above_ma200,vol_ratio,high_52w_pct,ret_1w,weekly_exp_slope,weekly_rsi,vol_surge,price_vs_ema20,ram_score,rank_ram_score,rank_exp_slope,rank_ret_12_1,rank_ret_3m,rank_stoch_k,rank_rsi,rank_cci,rank_wpr,rank_ma_score,rank_vol_ratio,momentum_score,weekly_rank_ret_1w,weekly_rank_weekly_exp_slope,weekly_rank_weekly_rsi,weekly_rank_vol_surge,weekly_rank_price_vs_ema20,weekly_score,market,rank_change,name,sector
PCT.SI,2.240000009536743,2.1181694255623333,3.0729393173040087,1.3532405408320733,0.916485791697923,54.94504976266874,66.19718357155043,25.885597860785293,-45.05495023733126,4.0,67.03295791580611,0.10333334604899089,1,1,1.0,1.0,1.1022629581497139,-0.15471700795310372,0.027522908689077363,30.616479032175835,53.40908721458861,1.6929971603245062,0.046177734793778846,1.6980476406491887,86.4963503649635,96.86940966010734,91.51459854014598,98.21428571428571,52.18165627782725,80.32056990204809,58.5040071237756,47.90739091718611,85.67615658362989,68.125,76.58094250839694,78.29181494661923,95.1067615658363,60.76642335766424,93.40463458110517,89.59074733096085,83.43207635643716,SG,21.0,PC Partner Group Limited,Technology
AWX.SI,9.569999694824219,7.929011441284571,226.39417216499254,5.010674578442542,2.0727649043821295,48.124986216420965,53.2520306292392,-18.65557816897544,-51.875013783579035,4.0,65.83333383003888,0.3719998677571615,1,1,1.0,1.0,1.0906416645035928,-0.07980768789906456,-0.013402073917233026,-0.00018598344491782873,47.00460444693679,1.3165540076284994,0.047598097492139724,4.0,99.58941605839416,100.0,98.17518248175182,99.64285714285714,46.838824577025825,49.68833481745325,43.722172751558325,53.25022261798753,85.67615658362989,65.625,74.22081670306581,41.81494661921708,50.355871886120994,51.82481751824818,84.49197860962568,90.12455516014235,63.722433958670855,SG,37.0,AEM Holdings Ltd.,Technology
O39.SI,23.940000534057617,2.8885510930772527,0.3977257338980514,0.4055321853342615,0.17902394146256428,60.402668240336205,65.25678591905589,76.41926622726702,-39.597331759663795,4.0,75.75921107420524,0.22200024922688802,1,1,1.0,1.0,1.067589035002784,-0.024052186550043375,0.03367878634648025,0.7267797964680262,69.89796663114718,1.60785,0.026895941634220932,2.098917794669065,92.15328467153284,83.54203935599284,73.90510948905109,82.76785714285714,57.969723953695464,77.91629563668745,76.31344612644702,42.11932324131789,85.67615658362989,60.89285714285714,73.32560933440688,82.47330960854093,77.66903914590748,81.38686131386861,91.97860962566845,77.93594306049823,82.28875255089675,SG,47.0,Oversea-Chinese Banking Corporation Limited,Financial Services
D05.SI,63.779998779296875,2.425807350233339,0.1483700876095829,0.3502177305692016,0.19008105868854042,70.39620344673968,72.3191671220992,73.52388735783305,-29.603796553260317,4.0,83.87775006534308,0.5393338521321615,1,1,1.0,1.0,1.0350424579769624,-0.019523508268715073,0.029872411836020518,1.646787222928864,71.07056396602752,1.0005810535375481,0.03211807238290176,1.8581278547111788,89.6897810218978,76.29695885509838,69.7992700729927,84.375,65.27159394479074,89.84861976847729,75.06678539626002,34.81745325022262,85.67615658362989,52.32142857142858,72.3163047464798,79.62633451957295,82.11743772241992,82.48175182481752,56.59536541889483,81.31672597864768,76.42752309287059,SG,48.0,DBS Group Holdings Ltd,Financial Services
HCCD.SI,3.880000114440918,,2.151903254698445,,0.5148260061684347,45.45458486258417,56.081084237646,20.565014112583352,-54.54541513741583,4.0,67.6767910296795,0.10266664822896322,1,1,1.0,1.0,,,-0.0051282001121667475,9.112725891386596,48.57142857142858,,0.018567941974043434,,,95.61717352415027,,96.07142857142857,44.879786286731964,56.45592163846839,57.257346393588605,55.20926090828139,85.67615658362989,,70.16672484375417,49.644128113879006,92.08185053380782,53.37591240875912,,70.46263345195729,66.3911311271008,SG,62.0,h CATL HK SDR 30to1,Industrials
S68.SI,21.739999771118164,2.6847780770931537,1.0971339278213148,0.5253093175880446,0.22987865895780124,47.61906924431164,58.35617798447993,-39.632732523408045,-52.38093075568836,4.0,66.52918081160304,0.2546665191650391,1,1,1.0,1.0,1.0397246679278576,-0.029464279404100013,0.013519766800184074,-0.03202668337299109,60.1398368214733,1.8124333618840924,0.001509585858695317,1.9928839626775239,91.05839416058394,91.23434704830053,79.47080291970804,87.23214285714286,46.482635796972396,62.95636687444346,36.33125556544969,53.60641139804096,85.67615658362989,53.57142857142857,68.76199417757003,68.32740213523132,41.45907473309609,70.43795620437956,94.6524064171123,53.64768683274021,65.7049052645119,SG,65.0,Singapore Exchange Limited,Financial Services
U11.SI,38.54999923706055,0.7427911829789289,7.040698449119916e-05,0.09250831132952664,0.09153848081457117,83.44369020581703,69.59250835288518,123.32724418934365,-16.55630979418296,4.0,83.66448816053072,0.21733296712239583,1,1,1.0,1.0,1.1982722002984376,-0.006443299095769239,0.022817740559484267,0.5890137721095371,71.28717919664608,1.8442874264886913,0.02220312439322214,0.9826714790342049,60.31021897810219,57.960644007155636,45.71167883211679,72.94642857142857,75.95725734639359,86.19768477292965,88.60195903829029,24.13178984861977,85.67615658362989,82.41071428571428,67.99045322643806,75.5338078291815,75.97864768683274,82.93795620437956,95.09803921568627,74.02135231316726,80.71396064984947,SG,67.0,United Overseas Bank Limited,Financial Services
HBND.SI,0.875,0.8062769703330446,0.5234772015317536,0.13163977230161916,0.19047616730626094,100.0,69.2307339617797,188.72546493111895,-0.0,4.0,100.0,0.005000003178914388,1,1,1.0,1.0,0.9241966727438469,0.0,0.04166669918904331,0.5633245082948791,,0.5616880662613523,0.026010979019662317,1.015400904932189,62.13503649635036,85.86762075134168,50.912408759124084,84.46428571428571,93.36598397150489,85.39626001780944,97.506678539626,6.723063223508459,85.67615658362989,27.142857142857142,67.91903512000377,86.38790035587188,75.62277580071174,,4.991087344028521,77.31316725978647,61.07873269009965,SG,56.0,Bank of China Limited,Financial Services
VC2.SI,1.2400000095367432,1.2159403479044744,0.9415768148824444,0.35158862246837197,0.46745558290236944,70.00003576277834,56.521732369984136,58.71966046228029,-29.99996423722166,4.0,83.33335320154352,0.016000000635782878,1,1,1.0,1.0,0.9215233522809939,-0.023622025071121988,0.042016764631988,2.8900881749085485,72.72727272727273,0.9217604069411802,0.03399105712365991,1.228570335343358,72.53649635036497,90.07155635062611,69.98175182481752,95.35714285714286,64.82635796972396,57.52448797862867,70.70347284060551,35.2626892252894,85.67615658362989,26.69642857142857,66.86365405522574,86.65480427046263,84.9644128113879,85.12773722627736,45.632798573975045,83.18505338078292,77.11296125257716,SG,47.0,Olam Group Limited,Consumer Defensive
HSMD.SI,2.5,,0.00856364926616665,,0.25,39.9999926640448,55.79710507988837,-24.709193671202698,-60.0000073359552,4.0,59.99999510936319,0.09866666793823242,1,1,1.0,1.0,1.4103655290293655,,-0.1349481282863504,0.003092727237003127,11.764694882648968,1.2233509153388709,-0.00759865517658842,,,63.77459749552773,,88.75,41.22885129118433,55.56544968833482,41.22885129118433,58.86019590382902,85.67615658362989,95.89285714285715,66.37211992456841,2.4021352313167257,57.740213523131665,9.032846715328468,78.43137254901961,43.594306049822066,38.240174813723705,SG,51.0,h SMIC HK SDR 5to1,
V03.SI,17.8799991607666,3.398949341694821,0.20610094698553885,0.765147653739392,0.18831471664121469,57.89465758948216,54.34781557071451,3.371159234589977,-42.10534241051784,4.0,75.43856420312235,0.22133369445800782,1,1,1.0,1.0,0.9296845710126308,-0.04128688866023433,0.0028042197013176118,0.011541789256974237,52.47520452021785,0.8613213336060545,0.0076621987032436945,2.364504883721697,94.52554744525547,78.35420393559929,85.21897810218978,84.10714285714286,55.83259127337489,52.18165627782725,50.31166518254675,44.25645592163846,85.67615658362989,28.035714285714285,65.85001118649191,57.38434163701067,59.87544483985765,59.397810218978094,35.02673796791444,60.4982206405694,54.43651106086605,SG,30.0,Venture Corporation Limited,Technology
S58.SI,3.990000009536743,0.4341820848464866,-0.10789717086210289,0.09485135884722884,0.08719344048786537,93.97590880574687,88.54167520379205,89.96968213331398,-6.024091194253135,4.0,95.98393920383126,0.06533331871032715,1,1,1.0,1.0,1.2742260651609223,-0.012376225937722696,0.050000015685433,348.4523957868873,82.75863486436447,1.9565066203022603,0.10019293824079867,0.8487381712712666,50.0,29.427549194991055,45.98540145985402,71.96428571428571,83.43722172751559,99.46571682991986,81.03294746215495,16.651825467497776,85.67615658362989,89.64285714285715,65.32839615827059,90.65836298932385,97.95373665480427,94.06934306569343,95.63279857397504,97.59786476868328,95.18242121049597,SG,56.0,SATS Ltd.,Industrials
BUOU.SI,0.9850000143051147,1.6012557485783712,-1.804286289449936e-07,0.26076371733672987,0.05257245116324283,75.00002483526767,80.00001589457446,32.64747810462843,-24.99997516473233,4.0,80.55557487187484,0.004999999205271403,1,1,1.0,1.0,0.9382953787337606,-0.03263580485905404,-0.005050500185316276,0.07750758902271357,40.0,0.783213186159762,0.011934063700549613,1.4290702310802772,80.47445255474453,56.08228980322003,63.68613138686131,65.08928571428572,69.54585930543188,96.43811219946572,61.35351736420303,30.543187889581482,85.67615658362989,29.642857142857142,63.85318499442807,49.8220640569395,66.01423487544484,41.24087591240876,23.885918003565063,64.76868327402136,49.146355224475904,SG,21.0,Frasers Logistics & Commercial Trust,Real Estate
O5RU.SI,1.559999942779541,1.8659290805646067,0.09994282696940594,0.2688076563921653,0.10157588434311338,33.333267106018674,59.999976158176196,-66.66693157575037,-66.66673289398133,4.0,38.88887785100312,0.006933347384134928,1,1,1.0,1.0,1.0695966575606621,-0.025000050291418274,-0.01265829088137238,-0.3826936291967694,0.0,0.7997663210165036,0.001995871560489082,1.5667937048235323,83.57664233576642,74.15026833631485,64.23357664233576,74.46428571428572,35.707925200356186,66.51825467497774,28.40605520926091,64.38112199465716,85.67615658362989,61.07142857142858,63.81857152630132,42.79359430604982,19.839857651245552,2.3722627737226274,26.02495543672014,54.53736654804271,29.113607343156172,SG,21.0,AIMS APAC REIT,Real Estate
544.SI,1.3799999952316284,5.101343108829905,1.2566384757669735,2.5361441966089378,0.10669756728384083,0.0,35.06493808085483,-174.21523342232592,-100.0,2.0,15.27777915751488,0.06200001239776611,0,0,1.0,1.0,1.2370864814789608,-0.2247190913412398,-0.1686746849517443,-0.6910214511643696,8.823552098643546,0.9454348452595788,-0.12288565054210498,3.2503500179073472,97.53649635036497,92.21824686940965,95.62043795620438,75.625,7.524487978628673,13.980409617097061,3.2056990204808544,92.56455921638468,52.0017793594306,86.51785714285715,61.6794973510858,0.7117437722419928,7.740213523131673,7.664233576642336,49.10873440285205,2.580071174377224,13.560999289849056,SG,-4.0,CSE Global Limited,Technology
E28.SI,2.9200000762939453,3.592829518753827,5.947250257714534,1.5556585378154462,0.453060738296877,22.916693571539977,42.261905353220655,-115.72826980690647,-77.08330642846002,3.0,35.27778622176958,0.12733333905537922,0,1,1.0,1.0,0.9113282355379247,-0.1436950138426103,-0.058064462540671546,-0.02004855005233631,33.92858511331269,0.9697776713845417,-0.027441080278653107,2.4653909506107943,95.07299270072993,98.1216457960644,92.7919708029197,94.82142857142857,29.207479964381122,25.022261798753338,14.069456812110417,70.88156723063224,65.34697508896798,25.44642857142857,61.07822073374162,15.302491103202847,43.861209964412815,34.12408759124087,52.49554367201426,25.622775800711743,34.28122162631651,SG,-24.0,Frencken Group Limited,Technology
EB5.SI,2.609999895095825,4.5220081576612685,1.8570144624560552,1.6996387679809257,0.1086681054432137,0.0,6.711402952518057,-86.93054883933041,-100.0,1.0,3.466663360595722,0.10533334414164225,0,0,0.0,1.0,1.1865398254974169,-0.3307692740325616,-0.02247197733469819,-0.5146785058448636,38.46150319251659,0.8487262733074277,-0.11339322752916947,2.948891531942569,96.44160583941606,94.81216457960645,93.33941605839416,75.98214285714285,7.524487978628673,0.08904719501335707,22.617987533392697,92.56455921638468,36.87722419928826,81.07142857142857,60.13200640286957,34.69750889679715,13.790035587188612,38.777372262773724,33.06595365418895,3.558718861209965,24.77791785243168,SG,-26.0,First Resources Limited,Consumer Defensive
NTDU.SI,0.9800000190734863,,0.001234221036062767,,0.08030352916486772,100.0,52.318693756867965,123.6872967235365,-0.0,4.0,67.44789059450164,0.010263256231943766,1,1,1.0,1.0,0.912390568728797,,0.015544088815740986,0.018371642203980187,61.53847564604442,1.0791670006889984,0.019636636794075013,,,60.37567084078712,,70.98214285714286,93.36598397150489,48.17453250222618,88.780053428317,6.723063223508459,85.67615658362989,25.624999999999996,59.962825425889555,69.83985765124555,61.20996441281139,71.80656934306569,66.1319073083779,71.35231316725978,68.06812237655205,SG,-50.0,NTT DC REIT USD,Real Estate
558.SI,2.5299999713897705,2.919291277257126,10.001847669738057,1.52404017821011,0.7017261434596909,0.0,33.6842020726871,-178.94750711334603,-100.0,3.0,3.1249976716930874,0.07066663106282552,0,1,1.0,1.0,0.9635908912440903,-0.14237290491697496,-0.05597018344440996,-0.22670621579534983,33.33331567269036,0.7328156664175262,-0.01986048564029086,2.1149135314400818,92.33576642335767,98.65831842576029,92.6094890510949,97.67857142857143,7.524487978628673,12.644701691896707,2.8495102404274264,92.56455921638468,65.34697508896798,35.08928571428571,59.73016652593755,15.92526690391459,28.02491103202847,32.39051094890511,18.003565062388592,32.38434163701068,25.345719116849487,SG,-39.0,UMS Integration Limited,Technology
AVP.SI,13.869999885559082,,-0.027748908595957925,,-0.012108267575202225,52.036180935748675,65.36697879823876,59.29900540940291,-47.963819064251325,3.0,62.02918559601867,0.29933325449625653,1,1,1.0,0.0,1.1259209172290068,,0.07352939656774682,3.053373527032182,65.27331051669836,2.2954838621612215,0.030026354907222608,,,41.86046511627907,,48.660714285714285,50.22261798753339,78.09439002671415,70.97061442564559,49.86642920747996,65.34697508896798,72.05357142857143,59.634472195863225,95.64056939501779,85.76512455516014,76.09489051094891,97.68270944741533,80.0711743772242,87.05089365715328,SG,-55.0,"AvePoint, Inc.",Technology
C6L.SI,6.96999979019165,-0.32950622246374617,-0.005108575389512062,-0.050411828853449414,0.043413169057693324,87.4999441206755,83.13245882690208,111.41130640224631,-12.500055879324501,4.0,95.83331470689183,0.06533342997233073,1,1,1.0,1.0,1.072708426080013,-0.0292479168757257,0.03874809993540307,5.189932596452769,80.95231067035269,2.3198000537851287,0.04383374358364667,0.6346760703801417,23.083941605839417,48.3005366726297,29.653284671532848,63.125,79.78628673196795,97.77382012466607,85.93054318788958,20.302760463045413,85.67615658362989,61.78571428571429,59.54180443269153,85.05338078291815,89.6797153024911,91.97080291970804,97.77183600713012,88.34519572953737,90.56418614835695,SG,-47.0,Singapore Airlines Limited,Industrials
NIO.SI,5.650000095367432,1.1316444960298373,0.5109767545592977,0.6318681005578799,0.18200833627033752,38.095251611028104,38.805971211488504,-4.5751536211788615,-61.904748388971896,1.0,50.362330887773886,0.18733332951863607,0,0,1.0,0.0,1.0928542540924844,-0.27564103112731764,0.0017730902692498773,8.727828700372285,50.3448355240441,1.302426998958466,-0.026552394766617637,1.1847067641433486,71.07664233576642,85.77817531305904,82.75547445255475,83.03571428571429,39.49243098842386,19.056099732858414,48.35262689225289,60.596616206589495,36.87722419928826,66.16071428571428,59.31817186922217,56.494661921708186,91.72597864768683,56.75182481751825,83.68983957219251,26.77935943060498,63.08833287794215,SG,-61.0,NIO Inc.,Consumer Cyclical
S61.SI,3.5199999809265137,2.6760600766166713,0.38098385186797584,0.48085801024629093,-0.004009274267456231,78.57142857142857,57.49999999999999,65.42056074766347,-21.428571428571427,2.0,61.904761904761905,0.02733330726623535,0,0,1.0,1.0,0.6659675960194095,-0.061470221666431235,0.005714280264718097,1.768728179111252e-05,56.25,0.6270398789581757,-7.938142317609476e-05,1.9883475278931573,90.96715328467153,82.91592128801432,77.73722627737226,51.24999999999999,72.12822796081923,60.01780943900267,72.66251113089938,27.960819234194123,52.0017793594306,2.5892857142857144,59.023073368868985,60.4982206405694,53.113879003558715,65.92153284671532,8.19964349376114,51.779359430604984,47.90252708304191,SG,-76.0,SBS Transit Ltd,Industrials
S63.SI,10.890000343322754,1.509296803439505,0.27427887478938706,0.3922827984230828,0.018620363106848448,22.019827345466908,63.03091327661451,-109.90683059021171,-77.98017265453309,2.0,59.04140231757568,0.15241330464680988,0,0,1.0,1.0,1.0497588017533468,-0.0430579759394174,-0.013586922015269343,-0.05407561060511396,42.85716880743611,1.963966011501089,-0.010258355108572093,1.3812191488754832,79.56204379562044,80.76923076923077,72.99270072992701,58.214285714285715,28.67319679430098,72.84060552092609,15.49421193232413,71.41585040071237,52.0017793594306,56.51785714285714,58.84817621596153,41.54804270462634,39.32384341637011,45.71167883211679,95.72192513368985,41.014234875444835,52.66394499244959,SG,-73.0,Singapore Technologies Engineering Ltd,Industrials
C09.SI,8.359999656677246,2.5175335354191617,-0.20714385724216156,0.6612795045054682,-0.07776873371108006,70.27022498988332,64.70585760362576,36.24586779601453,-29.729775010116683,3.0,73.42340832996113,0.11333341598510742,1,1,0.0,1.0,1.044915991356589,-0.13863595451386812,-0.0011947704920629576,0.14074192144984007,48.8371835134224,0.9484096586615107,0.008859163819253446,1.9058578196540226,90.05474452554745,21.645796064400717,83.3941605839416,31.25,65.00445235975066,76.1353517364203,62.51113089937667,35.08459483526269,65.34697508896798,55.17857142857143,58.56057775222395,52.66903914590747,69.21708185053382,53.46715328467153,49.643493761140824,61.83274021352313,57.365901651155355,SG,-83.0,City Developments Limited,Real Estate
TS0U.SI,0.35499998927116394,1.7265381637126294,-0.0034153577086048,0.3925445448504803,-0.04054058190241916,100.0,50.0,93.333333333334,-0.0,1.0,33.33333333333332,0.002666664123535156,0,0,0.0,1.0,1.1519593440196751,-0.05333336194356286,0.014285700905079413,0.0793269018533489,66.66666666666666,1.6231491249889212,0.002473946213053413,1.4942612697155255,82.11678832116789,49.463327370304114,73.08394160583941,40.625,93.36598397150489,42.742653606411395,81.83437221727516,6.723063223508459,36.87722419928826,76.78571428571429,58.36180688010139,68.81672597864768,66.10320284697508,78.01094890510949,92.42424242424242,54.982206405693944,72.06746531213373,SG,-82.0,OUE Real Estate Investment Trust,Real Estate
CJLU.SI,0.9850000143051147,2.256234678081044,0.08342515587609331,0.19393546315927335,0.032814195843958505,12.280970821670948,43.774663007773526,-53.27937837812112,-87.71902917832905,3.0,61.01376480963154,0.00408634344736735,0,1,1.0,1.0,1.095920119033681,-0.014999985694885254,-0.010050241623450806,0.03401814540158356,25.000000000000014,2.419834090830582,-0.004032926975892082,1.769890262788035,88.13868613138686,72.09302325581395,58.02919708029197,61.517857142857146,21.90560997328584,27.871772039180765,32.32413178984862,78.18343722172752,65.34697508896798,66.69642857142857,57.21071182947892,44.88434163701068,62.63345195729537,22.764598540145986,97.95008912655972,46.79715302491103,55.005926857184555,SG,-91.0,NetLink NBN Trust,Communication Services
5WJ.SI,0.8849999904632568,6.330019620579131,0.5032185171491715,3.5410629745325357,0.17433657120462964,9.09089923890297,17.948726570031766,-103.70373931568382,-90.90910076109702,2.0,5.071122196312977,0.021666669845581056,0,0,1.0,1.0,0.9757943427298266,-0.24358972399584256,-0.01117317394007622,-0.5457181082730358,42.85715502134696,0.2919497236953775,-0.047675535805767666,3.8896951156357766,98.9963503649635,85.59928443649373,96.53284671532847,82.32142857142857,19.946571682991987,1.6918967052537845,17.09706144256456,80.14247551202138,52.0017793594306,37.589285714285715,57.19189805047623,44.03914590747331,12.544483985765126,45.52919708029197,0.6238859180035651,15.391459074733097,23.625634393253414,SG,-89.0,MoneyMax Financial Services Ltd.,Consumer Cyclical
AP4.SI,0.8700000047683716,0.3859715935579343,0.2441796133997333,0.13912728376671013,0.23214363195653354,0.0,39.99999403953517,-138.46154598559647,-100.0,3.0,7.407397595946904,0.01499999761581421,0,1,1.0,1.0,1.4972895384141096,-0.10309280504365892,-0.05945946642567057,-0.7730291277721089,21.052618370157518,0.5366942075428556,-0.015886854277004314,0.831043726059297,48.35766423357664,79.96422182468694,52.0985401459854,87.41071428571429,7.524487978628673,21.193232413178986,8.281389136242208,92.56455921638468,65.34697508896798,97.67857142857143,56.04203557519374,14.590747330960854,4.715302491103203,18.15693430656934,4.09982174688057,35.587188612099645,15.429998897522722,SG,-104.0,Riverstone Holdings Limited,Healthcare
T82U.SI,1.4500000476837158,2.0853369821243146,0.023723471124294983,0.4096175576581391,0.08011722665871956,60.000095367295216,52.94116822082568,-25.92579837696276,-39.999904632704784,2.0,40.00006357819683,0.012000020345052083,0,0,1.0,1.0,0.8468103789452854,-0.05228420997271033,-0.006849308357518069,-0.2219561020991394,42.85716718550964,0.9258053359254113,-0.005820714022643614,1.680963191196616,86.04014598540147,67.17352415026834,74.17883211678831,70.89285714285715,57.88067675868211,48.975957257346394,40.78361531611755,42.20837043633126,52.0017793594306,14.285714285714285,55.44214728089374,47.686832740213525,28.291814946619215,45.62043795620438,46.3458110516934,45.01779359430605,42.59253805780732,SG,-142.0,Suntec Real Estate Investment Trust,Real Estate
H22.SI,3.0299999713897705,3.3734737472417087,0.004495397385879164,1.6022431763813785,0.06667066742765049,0.0,27.586213983903463,-175.37153557847682,-100.0,1.0,0.0,0.09800001780192057,0,0,0.0,1.0,1.2660144306237846,-0.2150258928142924,-0.09821426607414918,-0.8502742400765847,9.756138692048339,0.6448391479297837,-0.07920659388987239,2.351248590246918,94.34306569343066,62.432915921288014,93.06569343065694,67.67857142857143,7.524487978628673,6.144256455921639,3.1166518254674975,92.56455921638468,36.87722419928826,88.92857142857142,55.267599757820925,5.871886120996441,1.9572953736654803,8.120437956204379,9.358288770053475,6.93950177935943,6.449482000055842,SG,-125.0,Hong Leong Asia Ltd.,Consumer Cyclical
G07.SI,15.8100004196167,-0.7112515564229387,0.029455878282719353,-0.3644093747376882,0.009470137976858917,94.73721195207526,68.75004967058467,91.88314576094201,-5.26278804792475,4.0,94.3240806923168,0.0339999516805013,1,1,1.0,1.0,1.0559413791217804,-0.3640070929876221,0.0063653966407959395,0.01662590501746444,81.25014901175405,1.0112079701120797,0.004379826154696342,0.5636187134603111,11.861313868613138,67.79964221824687,7.39051094890511,55.53571428571429,83.97150489759572,83.793410507569,81.65627782724845,16.117542297417632,85.67615658362989,58.03571428571429,55.183778772065445,61.29893238434164,60.67615658362989,92.51824817518248,57.84313725490197,57.02846975088968,65.87298882978914,SG,-132.0,Great Eastern Holdings Limited,Financial Services
P52.SI,1.5,2.9668911816105625,1.1849290572489104,1.1155340387334323,0.05776693691485324,14.999991059300086,25.806441689127382,-42.98245944254743,-85.00000894069991,2.0,7.564097232601125,0.025999991099039714,0,0,1.0,1.0,0.8739855378504247,-0.13294798643797956,0.020408143405366452,-0.14771235198646757,66.66666666666666,1.1064494457507559,-0.02349216885756733,2.1396822685402848,92.7007299270073,91.77101967799642,89.6897810218978,66.16071428571428,24.309884238646482,5.342831700801424,35.52983081032948,75.77916295636687,52.0017793594306,18.125,55.141073397819056,73.30960854092527,31.85053380782918,78.01094890510949,68.71657754010695,29.537366548042705,56.28500706840272,SG,-146.0,Pan-United Corporation Ltd,Basic Materials
J69U.SI,2.2699999809265137,0.7204485408770008,0.0010620069913659363,0.08298236941120196,0.01793720247125674,100.0,61.11111111111111,83.64779874213892,-0.0,3.0,94.44444444444444,0.012666654586791993,1,1,1.0,0.0,0.8476097902885613,-0.04986244512374749,0.013392844313413477,0.010961528379068509,71.42857142857143,1.2388474250159045,0.004127902403429307,0.9715716700198024,59.397810218978094,60.196779964221825,44.89051094890511,58.12500000000001,93.36598397150489,68.92252894033838,78.6286731967943,6.723063223508459,65.34697508896798,14.374999999999998,54.99723255532191,68.14946619217082,59.7864768683274,83.4397810218978,79.14438502673798,56.67259786476868,69.43854139478053,SG,-162.0,Frasers Centrepoint Trust,Real Estate
HJDD.SI,1.8899999856948853,,0.4533000545190648,,0.22287375779285146,19.99999046325229,32.07547254688019,-67.29366666954414,-80.00000953674771,1.0,18.095229710036346,0.03799998760223389,0,0,1.0,0.0,1.2444007818544611,,0.010695176938778195,-0.24030960753160874,53.84615031925166,1.3446096697699954,-0.024474050732095076,,,84.88372093023256,,86.69642857142857,27.426536064113982,10.418521816562778,28.138913624220834,72.66251113089938,36.87722419928826,86.78571428571429,54.23619632780758,66.19217081850533,27.313167259786475,61.54197080291971,85.650623885918,28.825622775800714,53.904711108586035,SG,-155.0,h JD HK SDR 10to1,Consumer Cyclical
E5H.SI,0.2800000011920929,1.3434293435503952,0.017242463648993168,0.41858549749412965,-0.007486392506825368,27.272751902742574,26.31579607807707,19.444459621553733,-72.72724809725743,0.0,27.894346325815476,0.0066666682561238606,0,0,0.0,0.0,1.4068976258379167,-0.18840579084177222,0.03703700024404788,2.732683548105671,75.0,0.8187019080059567,-0.026634370961969522,1.2949095740291354,75.18248175182481,66.27906976744185,74.63503649635037,50.0,32.235084594835264,5.6099732858414955,56.54496883348175,67.8539626001781,14.590747330960854,95.80357142857143,53.87348960894859,83.89679715302492,84.4306049822064,87.72810218978103,28.609625668449194,26.601423487544483,62.25331069620121,SG,-168.0,Golden Agri-Resources Ltd,Consumer Defensive
OV8.SI,3.0199999809265137,3.37550618626042,0.3973866685404656,0.6920876755271395,0.17509729936681784,0.0,43.99999999999999,-146.12794612794545,-100.0,2.0,28.57142857142857,0.016666650772094727,0,0,1.0,1.0,0.7603177230411695,-0.053291559010839484,-0.003300326916726104,-0.1881228480199191,45.45454545454546,0.7315520241289127,-0.011331719279329522,2.3523061753074446,94.43430656934306,83.45259391771019,83.85036496350365,82.5,7.524487978628673,28.40605520926091,6.8566340160284955,92.56455921638468,52.0017793594306,5.803571428571429,53.73943526588617,51.33451957295374,29.98220640569395,49.13321167883212,17.46880570409982,39.679715302491104,37.519691732814145,SG,-180.0,Sheng Siong Group Ltd,Consumer Defensive
U10.SI,3.75,3.6058676970847197,1.4113417475947765,1.1981717534515202,0.2296042380219312,0.0,32.09877706049471,-141.7224722948014,-100.0,2.0,8.333343267438423,0.06400003433227539,0,0,1.0,1.0,0.577214428475594,-0.12790701542756655,-0.010554079750826784,-0.2712339934488995,45.454555306540904,0.5589594325473025,-0.03559858544328609,2.4721754014564428,95.25547445255475,93.20214669051879,90.32846715328468,87.14285714285714,7.524487978628673,10.507569011576136,7.747105966162065,92.56455921638468,52.0017793594306,0.8035714285714285,53.7078018399969,44.5729537366548,25.177935943060497,49.36131386861314,4.634581105169341,20.90747330960854,28.930851592621263,SG,-167.0,UOB-Kay Hian Holdings Limited,Financial Services
BVA.SI,0.2549999952316284,-0.03510344335010398,1.5675413861687257,-0.015956330292998255,0.41666658388244104,33.33330021964311,52.1739119167359,-29.166682188719232,-66.6666997803569,4.0,61.11108351636926,0.00899999737739563,1,1,1.0,1.0,0.7853955083754065,-0.08928573519295568,0.0,0.07324464795080934,50.0,0.5982138172048653,0.0004812172837673767,0.7030303807322882,33.85036496350365,93.55992844364937,33.21167883211679,93.83928571428571,35.841495992876226,47.59572573463936,39.71504897595726,64.24755120213713,85.67615658362989,7.678571428571429,53.52158078713668,54.270462633451956,65.83629893238434,55.565693430656935,6.327985739750446,52.40213523131673,46.880515193512075,SG,-185.0,Top Glove Corporation Bhd.,Healthcare
F9D.SI,2.0199999809265137,2.823623722356739,0.11823987122696682,1.137237222549762,-0.03809520349480777,0.0,26.744184112342808,-115.6218915882536,-100.0,1.0,0.0,0.06533333460489908,0,0,0.0,1.0,1.1707289454455332,-0.21400776910616504,-0.0733945325371903,-0.8217025500841918,5.55554819696016,1.2965376503568593,-0.09946857911337581,2.065132664261177,91.97080291970804,75.04472271914132,89.87226277372264,41.42857142857143,7.524487978628673,5.78806767586821,14.158504007123776,92.56455921638468,36.87722419928826,79.46428571428571,53.46934886327227,10.94306049822064,3.113879003558719,6.569343065693431,83.06595365418895,4.537366548042705,21.64592055394089,SG,-177.0,Boustead Singapore Limited,Industrials
A7RU.SI,0.5099999904632568,2.4850433386359754,0.001652695311209175,0.45532826631883827,-0.01923075159625831,0.0,41.666683223495326,-94.553317019069,-100.0,1.0,26.666603088469856,0.005000007152557373,0,0,0.0,1.0,1.161129256896628,-0.09734514581353326,-0.03773581510593205,-0.1232428055727006,0.0,1.2239533601801948,-0.026463366351294648,1.888951459160495,89.96350364963503,61.35957066189624,76.36861313868614,46.42857142857143,7.524487978628673,23.597506678539627,20.124666073018698,92.56455921638468,36.87722419928826,78.03571428571429,53.2844417310363,24.377224199288257,33.629893238434164,2.3722627737226274,78.5204991087344,26.868327402135233,33.15364134446294,SG,-187.0,Keppel Infrastructure Trust,Basic Materials
G13.SI,0.6150000095367432,0.16533785199970377,-0.22751777793992795,0.03470883605390718,-0.06918209716999635,100.0,74.99992549434502,129.62953347744423,-0.0,0.0,100.0,0.0030000050862630206,0,0,0.0,0.0,1.541425692639397,-0.2185725777880171,0.0336134117055904,2.9502148546949747,,0.8310872662115149,-0.001477870521441882,0.7586600243597792,41.42335766423358,20.39355992844365,39.416058394160586,32.857142857142854,93.36598397150489,92.52003561887801,90.38290293855744,6.723063223508459,14.590747330960854,98.125,52.979785192739044,82.29537366548043,85.23131672597864,,29.85739750445633,49.28825622775801,61.66808603091835,SG,-187.0,Genting Singapore Limited,Consumer Cyclical
H02.SI,15.489999771118164,2.3173427764708925,0.004574778338350083,0.5155381300035782,0.02829194669006574,5.5999755859375,26.086964033350966,-105.27769463812068,-94.4000244140625,0.0,12.081270460584369,0.19666671752929688,0,0,0.0,0.0,1.3039543922082788,-0.1417760852126263,-0.027620874176295995,-0.711090965592926,34.285712339442284,2.881873670837131,-0.04842169628441795,1.8016880246590052,88.32116788321169,62.52236135957067,79.01459854014598,60.44642857142857,17.809439002671414,5.520926090828139,16.74087266251113,82.27960819234195,14.590747330960854,91.69642857142857,51.89425782050991,30.96085409252669,6.850533807829182,34.48905109489051,98.75222816399287,15.12455516014235,37.23544446387632,SG,-195.0,Haw Par Corporation Limited,Healthcare
F03.SI,2.369999885559082,1.8517358331215723,0.03594298492363738,0.7263397528393949,-0.0017933677627006706,0.0,33.51200080078206,-258.4657469082492,-100.0,1.0,10.769279299502754,0.04199992815653483,0,0,0.0,1.0,1.181111325561481,-0.13027524091651432,-0.0825805765681823,-0.14658318098915932,0.0,0.5468293171405166,-0.05690254828249541,1.5594082106867302,83.3941605839416,68.69409660107334,84.58029197080292,51.78571428571429,7.524487978628673,12.555654496883347,0.44523597506678536,92.56455921638468,36.87722419928826,80.44642857142857,51.88678538792125,8.98576512455516,32.028469750889684,2.3722627737226274,4.27807486631016,11.921708185053381,11.917256140106202,SG,-201.0,Food Empire Holdings Limited,Consumer Defensive
HMN.SI,0.8949999809265137,0.7449960304177987,-0.12855007557385797,0.09793232945264285,-0.037634436512754,75.0,63.63636363636363,34.14634146341478,-25.0,1.0,41.666666666666664,0.0039999961853027345,1,0,0.0,0.0,1.0749121141095077,-0.09137059093556776,0.0,-0.07746646808332004,50.0,1.2257698930686243,0.0022257439707424886,0.9837806102741345,60.4014598540146,27.191413237924866,46.8978102189781,41.517857142857146,69.32324131789849,73.99821905609973,61.70970614425646,30.76580587711487,36.87722419928826,62.32142857142857,51.10041656198611,54.270462633451956,37.455516014234874,55.565693430656935,78.78787878787878,54.804270462633454,56.176764265771205,SG,-231.0,CapitaLand Ascott Trust,Real Estate
P8Z.SI,1.5,3.3389864067497634,0.5026363339275634,1.518911985249337,0.1363635912086043,0.0,16.666669978035685,-127.68519960803988,-100.0,1.0,11.66667610406933,0.041333333651224775,0,0,0.0,1.0,0.766113848634588,-0.30875578467177345,-0.013157882353605488,-0.4496071934109068,44.44445180303983,0.9818169686050779,-0.1091580435077093,2.3333030107014725,94.06934306569343,85.42039355992844,92.33576642335767,78.57142857142857,7.524487978628673,1.4247551202137132,10.329474621549421,92.56455921638468,36.87722419928826,5.982142857142858,50.50995756136157,42.037366548042705,16.90391459074733,47.855839416058394,53.83244206773619,4.0035587188612105,32.92662426828916,SG,-228.0,Bumitama Agri Ltd.,Consumer Defensive
BS6.SI,3.5399999618530273,2.7833717409476044,0.17218999387820466,0.885539053018213,-0.12041595875008593,16.666650109821553,22.7847963738634,-98.96241540083723,-83.33334989017844,1.0,5.555550036607213,0.053333314259847005,0,0,0.0,1.0,1.0830275276429875,-0.1751456094073549,-0.0274725659805386,-0.8006766005790014,30.769202554013276,1.3088893612769796,-0.051636392980856094,2.0441874384497485,91.6058394160584,77.4597495527728,86.86131386861314,22.41071428571429,25.378450578806767,3.561887800534283,18.61086375779163,74.71059661620659,36.87722419928826,63.83928571428571,50.13159257900719,31.13879003558719,3.7366548042704624,30.01824817518248,84.22459893048129,13.345195729537366,32.49269753501176,SG,-229.0,Yangzijiang Shipbuilding (Holdings) Ltd.,Industrials
Z25.SI,0.675000011920929,1.4367784485966604,5.783417434539261e-10,0.5510204056462937,0.06933598858581358,18.18179847780594,31.02320258286302,-76.15061670720866,-81.81820152219406,1.0,6.06059949260199,0.015940630435943605,0,1,0.0,0.0,0.9844091339771998,-0.16539634387882662,-0.007352934086817808,-0.24412460851616968,46.15384615384615,0.5605511278978956,-0.026719322085521413,1.3434840296469923,78.19343065693431,56.35062611806798,80.56569343065694,68.57142857142857,26.80320569902048,9.260908281389137,25.200356188780056,73.28584149599287,36.87722419928826,39.375,49.44837146415586,47.15302491103203,26.868327402135233,50.27372262773723,4.723707664884135,26.51245551601423,31.10624762436057,SG,-253.0,Yanlord Land Group Limited,Real Estate
BN4.SI,10.59000015258789,2.77450127649721,-0.07701526928152905,0.6267656278940867,-0.11719830455061342,42.85720773293491,49.7674364963685,-28.943954265866886,-57.14279226706509,1.0,56.74607139234911,0.14999993642171225,0,0,0.0,1.0,1.0035590902092004,-0.1808780015418444,-0.012126876045027268,-0.23784479038518103,38.98302619051852,1.358193788041774,-0.01985491274059248,2.0395716686301886,91.51459854014598,33.09481216457961,82.3905109489051,23.125,43.365983971504896,41.585040071237756,39.80409617097062,56.72306322350846,36.87722419928826,44.55357142857143,49.30339007187121,42.971530249110316,27.491103202846972,39.50729927007299,85.91800356506238,32.47330960854092,45.672249179126716,SG,-269.0,Keppel Ltd.,Industrials
G92.SI,1.840000033378601,4.293168162034699,0.1813439721937266,1.6190477747785046,0.002399127632459974,16.000032424926758,26.666671964858153,-93.33330820965477,-83.99996757507324,1.0,9.333356221516908,0.033333325386047365,0,0,0.0,1.0,0.8050373424562286,-0.17346037503544987,-0.02127657550770312,-0.7383992397091906,40.90910076109704,1.1093870145578644,-0.05376607555043511,2.8298140302820634,96.07664233576642,77.72808586762075,93.15693430656934,52.94642857142857,24.75512021371327,5.699020480854853,20.658949243098842,75.3339269813001,36.87722419928826,9.464285714285714,49.269661791392615,35.85409252669039,5.960854092526691,42.518248175182485,69.07308377896612,12.900355871886122,33.26132688905036,SG,-266.0,China Aviation Oil (Singapore) Corporation Ltd,Energy
