symbol,price,ram_raw,ram_score,exp_slope,ret_12_1,ret_3m,stoch_k,stoch_d,rsi,cci,wpr,atr,ma_score,above_ma25,above_ma50,above_ma100,above_ma200,vol_ratio,high_52w_pct,rank_change,market,momentum_score,name,sector,ret_1w,weekly_exp_slope,weekly_rsi,vol_surge,price_vs_ema20,weekly_score,weekly_rank_change
HPE,49.20000076293945,1.4702510237549127,1.356425925390703,4.916029647404577,0.7146033736099788,1.343457195266856,70.46323843281942,85.25286511617803,74.63280333405433,64.25651103905108,-29.536761567180573,2.247333780924479,4.0,1,1,1,1,1.5573636137102338,-0.12377561129248194,0,US,80.94068834442669,Hewlett Packard Enterprise Company,Technology,0.1431226699902275,165490.27391695345,65.3539367539971,3.910126753592443,0.19196443336380753,93.89955330194374,0
JBHT,284.95001220703125,1.9942585744408554,1.6028722454805258,0.5819884454584552,0.7544095912804609,0.3378342161611543,100.0,100.0,72.71275269497619,115.42365517562118,-0.0,3.840667724609375,4.0,1,1,1,1,1.062391701678179,0.0,1,US,76.99797615923532,"J.B. Hunt Transport Services, Inc.",Industrials,0.030821617613841834,7.513760038216128,76.19930631672197,0.8991704253820003,0.06876582880336723,77.17059036580949,0
HST,24.6200008392334,2.0029189757873103,1.6069453242740295,0.6271780997407109,0.48847164706047264,0.29394046958275744,100.0,100.0,86.32286516080308,146.64115293589603,-0.0,0.3080003102620443,4.0,1,1,1,1,0.9996369894000905,0.0,1,US,76.1202097796439,"Host Hotels & Resorts, Inc.",Real Estate,0.07136646343194286,5.739213984202439,,1.0288050983629227,0.0761899602706051,86.95219123505976,0
SPG,210.30999755859375,1.7167287819191974,1.4723470345504126,0.08843922064038054,0.31525438794302074,0.0919114405351309,100.0,80.20230396015661,76.05063604090131,190.70324445718612,-0.0,1.5019989013671875,4.0,1,1,1,1,1.1250500521632067,0.0,2,US,74.84232729759604,"Simon Property Group, Inc.",Real Estate,0.026353002781595913,0.003959476619192182,77.49485676638221,1.1688863023974756,0.029382307708035293,74.62416998671979,0
NUE,254.38999938964844,3.1547826152299145,2.1486790355808645,1.2278849684884487,0.9380052700607757,0.5126378553258422,80.5425430435167,92.85170660334131,74.79616691503568,61.736553980505924,-19.45745695648329,4.0679982503255205,4.0,1,1,1,1,0.9616249305903545,-0.03008235254830738,2,US,74.4299250105367,Nucor Corporation,Basic Materials,0.01755999755859383,11.286443971628893,60.14796044699941,0.9838743559889909,0.054627344966272195,73.84112036701679,0
STLD,268.5,2.358850218751875,1.7743435705756103,0.9932131550592925,0.787071742560153,0.48301834125673637,84.38667840653537,94.79555946884511,78.37680169730733,66.31993503309452,-15.61332159346463,4.956001790364583,4.0,1,1,1,1,0.9649488762852858,-0.030160758242474106,2,US,74.28932970711962,"Steel Dynamics, Inc.",Basic Materials,0.032096891406571126,20.95497277385596,66.66666666666666,0.9449802482410415,0.07030845923338513,77.17268300535233,0
MGM,47.5099983215332,0.5360948181477082,0.9234312370640034,0.3583130047703228,0.2179609937767648,0.33567609584338487,78.32310359855754,81.09520396888053,77.67856802974663,73.34174510734287,-21.67689640144246,1.2799997965494792,4.0,1,1,1,1,1.2468181169255208,-0.06273427483385674,4,US,73.00170575184293,MGM Resorts International,Consumer Cyclical,0.08793222609564011,935.6285958475166,68.82352875178253,1.9533132004667517,0.1114243999435387,94.4360738862731,0
MAR,392.510009765625,1.390600169669039,1.3189652822076439,0.24297021321700887,0.3643233745283836,0.21459168132286544,100.0,90.34518817934098,78.8884509262909,152.66724205678497,-0.0,4.63953857421875,4.0,1,1,1,1,0.9837479826073057,0.0,4,US,72.65065486556767,"Marriott International, Inc.",Consumer Cyclical,0.04502130827295292,0.36934716315090144,86.2720454137815,0.9551598308876984,0.05517997356792459,79.06789005593787,0
GS,1038.6800537109375,1.9637445474129136,1.5885211742749417,0.11962567765724916,0.5520630777372995,0.2700661156691726,67.88837387802214,83.68321455186282,66.10226716515835,55.320201463223334,-32.111626121977864,20.895939127604166,4.0,1,1,1,1,1.0836785906681643,-0.04935881271785403,4,US,72.43534842665267,"The Goldman Sachs Group, Inc.",Financial Services,0.017256570726559062,6.81371801606761,55.104293897111404,1.246549571709331,0.03896883295767517,76.80719546058191,0
MS,211.92999267578125,1.9153129161648146,1.5657432633814499,0.38515054513420477,0.49104331796705747,0.3294372111637147,77.90166937201234,86.2821870335551,70.10351650302695,73.25576343845793,-22.098330627987668,3.354667154947917,4.0,1,1,1,1,1.0042583118493245,-0.029046646229802686,6,US,72.0361865909615,Morgan Stanley,Financial Services,0.018894195556640625,6.034204931021029,57.47430847933361,1.1482003890172168,0.04474429480426356,77.01879351281741,0
CSX,46.9900016784668,1.8703821131312615,1.544611829203059,0.46570685698982306,0.4162010565469252,0.17982602036061568,99.65829057387405,74.50364233680902,60.938571902358355,151.1176988920761,-0.3417094261259381,0.4650973002115885,4.0,1,1,1,1,1.0263745826511752,-0.00012622058553035664,8,US,71.61690563096914,CSX Corporation,Industrials,0.03822367258265036,0.06591024741743223,90.23260765422899,0.9936918106944679,0.027650329256263317,74.651776731458,0
STT,161.75,2.3419776104084282,1.7664082035544366,0.8357941940389657,0.5852852586270529,0.3452637960331244,91.57539670296897,90.04630361763424,66.50592863004783,110.78839654865725,-8.424603297031027,1.8579986572265625,4.0,1,1,1,1,0.8973413143783514,-0.006144393241167445,10,US,71.26072556083054,State Street Corporation,Financial Services,0.039257264419893856,1.1160860977222755,75.60776268381248,0.815733854773337,0.03761030613074978,70.75568433337358,0
BAC,53.83000183105469,0.9999043743269052,1.1352168974551826,1.6849862935294318e-05,0.21533264388665585,0.11245250901927561,98.2669748971402,98.43832052087907,78.32582395056772,174.25228200687394,-1.7330251028598,0.5133527119954427,4.0,1,1,1,1,1.1043453265423449,-0.04950949876743216,10,US,70.67401054464776,Bank of America Corporation,Financial Services,0.04863743832817402,1.5140739716975062,92.24630272235304,1.1777477354094035,0.03935671572017929,87.52255623968772,0
C,132.47000122070312,2.5608845799935405,1.869362477830914,0.30270800508498047,0.7218811437752424,0.24938175308116084,82.34523077170509,90.18829032227076,65.82721967642183,111.53842543285444,-17.654769228294914,1.9993331909179688,4.0,1,1,1,1,0.88769657195685,-0.01982976542221626,13,US,70.2058631740503,Citigroup Inc.,Financial Services,0.05218427017630933,4.929948252672987,72.5154379009161,1.114487125775984,0.0369819035679404,84.48830938870779,0
CVS,95.93000030517578,1.404586635508603,1.3255432657361452,0.5312131724821259,0.4355608036091463,0.2419403555891646,99.07553808409264,68.49743361949378,50.113768284188524,128.0612571178858,-0.9244619159073516,1.255999755859375,4.0,1,1,1,1,1.0880279145981107,-0.022219960163222807,13,US,70.18148961042058,CVS Health Corporation,Healthcare,0.05440752655088743,0.1011197007189538,81.2894731765659,0.9196764811927112,0.05038303680060485,76.54497162863697,0
MPC,262.010009765625,1.7717422971672265,1.4982204754394504,1.1688864439651587,0.5552883275111424,0.18858449732706561,74.20642519518167,91.13758525992057,56.03620609071868,57.17662319082933,-25.793574804818327,4.802396647135416,4.0,1,1,1,1,1.0418829932397675,-0.0194602816351922,14,US,69.34714236864916,Marathon Petroleum Corporation,Energy,0.053221872676672,4.389069512366368,78.00343258659406,0.9411079656323754,0.030299322576263554,78.21095416314539,0
URI,1067.77001953125,0.8614838550139556,1.0701162561286535,0.21561150661321196,0.3588582110698777,0.32161006017536264,89.26753147392516,96.42251049130839,74.06119491796234,135.31689741338755,-10.732468526074841,15.558003743489584,4.0,1,1,1,1,0.9307290901073056,-0.015535372445459106,15,US,69.18165660710453,"United Rentals, Inc.",Industrials,0.07241358869769177,30.520713526458202,82.2451003995674,1.131732511235449,0.0848358215301015,92.12547788643407,0
HLT,343.1000061035156,1.2591494818617162,1.2571426267115844,0.08546197143340026,0.29113110361879246,0.1494090553309544,100.0,90.76505490867252,72.34315593422993,132.23316761052382,-0.0,4.06287841796875,4.0,1,1,1,1,0.9740069491383543,0.0,17,US,68.54516067466662,Hilton Worldwide Holdings Inc.,Consumer Cyclical,0.04712202364902729,1.1820208324169057,91.95647270338944,1.0032311566267362,0.04492501182077957,82.94031952996097,0
INCY,102.37999725341797,1.3760409394929556,1.3121179215245018,-0.011805396605848385,0.45404520745452226,0.06712523085398958,100.0,100.0,69.15988601811453,225.4934671243359,-0.0,1.384666951497396,4.0,1,1,1,1,1.0486283771149172,-0.07407074671258795,18,US,68.42842204038138,Incyte Corporation,Healthcare,0.058300594523381655,0.24554465985142676,69.26229380049132,1.620467339686134,0.049113603339666634,85.91186768079199,0
FITB,52.0099983215332,1.3273221703415177,1.2892049666234502,-0.0008234465072544464,0.3433930447716105,0.10951006253455997,100.0,90.76577824688195,73.92198508507289,177.47664802277592,-0.0,0.6726664225260417,4.0,1,1,1,1,1.0002732830719483,-0.047207240272580164,19,US,68.28730984246646,Fifth Third Bancorp,Financial Services,0.04165828166722063,0.6549012726387529,66.09906764242679,1.3407051118986277,0.04535024084597916,82.86707714596162,0
HUM,350.0799865722656,0.2127094520392088,0.8097105407334398,3.474321252908965,0.10504390151638687,0.9640410986755323,100.0,99.04798558640141,74.2659753652211,166.50599169669337,-0.0,6.42733154296875,4.0,1,1,1,1,0.9604196924868718,0.0,19,US,68.15574031220426,Humana Inc.,Healthcare,0.14622477631151787,50.33073413071254,87.51680467608378,0.9437526862104257,0.14543709594051646,87.47651816974526,0
BG,126.45999908447266,2.274365091785923,1.7346093174797819,0.10481797826903134,0.7125790754955692,0.09042951582640524,59.349409607921515,81.00234034936909,58.56995753697934,40.81668619098872,-40.650590392078485,1.8914388020833333,4.0,1,1,1,1,1.0597275083716795,-0.03766839996720883,25,US,67.89450978521045,Bunge Global SA,Consumer Defensive,0.02562851544608935,6.379085304746554,60.719119710600566,1.1995129796924557,0.009718475925365677,73.16664654513261,0
ODFL,242.57000732421875,0.6400251727545858,0.9670823394037795,0.22753318348629306,0.24688047311257488,0.2521394069356899,92.91690587663324,97.6389686255444,89.80131218630011,126.64328211421049,-7.083094123366762,3.6124165852864585,4.0,1,1,1,1,0.9296650416197391,-0.012015301795810007,25,US,67.86357563756948,"Old Dominion Freight Line, Inc.",Industrials,0.07873635638794174,55.64907337269039,87.50268264618805,1.1310001353937968,0.10091232977917208,93.41220974687111,0
MNST,89.55000305175781,0.781972226129254,1.0327210920373509,0.013251287162541514,0.20587303524925593,0.18436717800393398,100.0,90.0598732084615,59.332341551232105,114.67774173806659,-0.0,0.9633336385091146,4.0,1,1,1,1,1.1641533968932911,0.0,25,US,67.50508942274813,Monster Beverage Corporation,Consumer Defensive,0.016689386809082052,0.3930081211386279,67.54177045550554,0.9797530609880135,0.035988760088951244,69.33083826310917,0
EIX,73.33000183105469,1.3734371885566845,1.310893349787254,0.025810481736855892,0.3543012585622276,0.034217649567848785,100.0,91.7183980488976,66.35291442522305,197.80070853484614,-0.0,0.9546676635742187,4.0,1,1,1,1,0.9680212887175359,-0.03284091102336828,32,US,66.2558349436585,Edison International,Utilities,0.04847010682460984,0.05541816225769926,82.53354146958642,0.9184214180976721,0.037076427209901563,73.99967805545495,0
FTNT,144.67999267578125,0.0960403834073961,0.7752659501786966,1.9713474313383335,0.04318841759133463,0.7291740867932779,78.46350501722459,89.88289070597301,71.99677352413865,68.19605639393623,-21.536494982775412,3.3800008138020834,4.0,1,1,1,1,1.0383612701851723,-0.03334005180872268,32,US,66.24096428656631,"Fortinet, Inc.",Technology,0.0486336985990492,35.47553590527987,65.64099682162094,1.057784861226159,0.11105188939951494,84.6974928568554,0
ESS,285.42999267578125,-0.0006836680811710696,0.748855958045786,0.195198694277752,-0.0001425403846353479,0.13083519877004202,100.0,100.0,80.56572808572955,216.63438565043668,-0.0,2.101332600911458,4.0,1,1,1,1,1.0591455596783643,0.0,33,US,66.21933423988676,"Essex Property Trust, Inc.",Real Estate,0.046911595291087904,0.5339734124636695,,1.1009820875069334,0.03987309964221497,81.37450199203187,0
EXPD,160.44000244140625,1.2312676155824713,1.2440294886799634,0.0013612076367953856,0.37346102844162243,0.09809882182993634,94.86938879846754,86.83240649727095,64.7942529381292,100.52192254160836,-5.130611201532453,1.4259185791015625,4.0,1,1,1,1,1.0178935155582491,-0.022862276927102965,34,US,66.07627374732607,"Expeditors International of Washington, Inc.",Industrials,0.020740516237872875,0.01415873703146298,71.50391635447889,1.2552095320715968,0.023800516967275476,73.21002857257838,0
PNC,228.3699951171875,1.3754800163200476,1.3118541133949522,-0.0005477538079913318,0.2974615816505204,0.11645795074217657,100.0,88.52660521378893,72.804725794063,188.98145420559973,-0.0,2.310663859049479,4.0,1,1,1,1,0.9075850343325239,-0.050955527910987564,35,US,65.9561951793624,"The PNC Financial Services Group, Inc.",Financial Services,0.032787627352097726,0.3375751255626698,65.89217552783714,1.0226442837887513,0.038302095780261336,73.50340053925711,0
CHRW,184.08999633789062,1.973149631264474,1.592944485164869,-0.037678030943877706,0.828282251615571,0.028281197169587546,100.0,100.0,75.34206177237505,144.82558758135337,-0.0,3.02301025390625,4.0,1,1,1,1,0.9479338214258545,-0.07596447396437289,35,US,65.94227878903547,"C.H. Robinson Worldwide, Inc.",Industrials,0.03397955116224671,2.737814507423548,84.45026423671996,0.6350227261619666,0.04239509048764978,69.54090707875568,0
EQR,68.19000244140625,0.025775036513780165,0.7558999029322063,0.08918970848650155,0.005164736522750735,0.10038010623867177,100.0,94.06062371542782,76.97124269943266,230.59557348676958,-0.0,0.6086659749348958,4.0,1,1,1,1,1.0782075848697987,0.0,35,US,65.86116611398717,Equity Residential,Real Estate,0.04186410421578568,0.3060877400677145,97.56945916161574,1.0189606412922119,0.03318103622438584,79.52022214173608,0
PSX,183.0800018310547,1.8319526160916428,1.5265380283276344,0.3290317909430096,0.539917752358086,0.11116625526187263,85.18525321141358,93.39510324183702,60.92786095302631,80.19076764725858,-14.814746788586413,2.796412150065104,4.0,1,1,1,1,0.8596316141347001,-0.020558879905529515,40,US,65.38295918123912,Phillips 66,Energy,0.04093698401384227,3.0883025630393677,84.61544104593345,0.7014356786909783,0.030631266366648147,69.58187452211357,0
VLO,255.82000732421875,2.5876906626583644,1.8819696633955525,0.9841520130019247,0.9014112649088615,0.1442613641792716,73.3301721907152,87.00457160975886,54.38760217386798,44.27013968819168,-26.669827809284797,5.156251017252604,4.0,1,1,1,1,0.91714132688409,-0.02153377173436255,40,US,65.3257826975531,Valero Energy Corporation,Energy,0.04493096834783006,5.402238485319431,74.70798556653543,0.7876520991917767,0.023972215571624655,69.63563926113727,0
KEY,21.760000228881836,1.691340129427513,1.4604064814602435,0.0006356793454501417,0.4079019953227745,0.10652314318139777,100.0,73.82497485186029,63.060864252376405,150.66253040267904,-0.0,0.2390649159749349,4.0,1,1,1,1,0.909931927532162,-0.043811645970567636,41,US,65.28160809854396,KeyCorp,Financial Services,0.030264852452816404,0.0020903856229311907,65.28653297742876,1.1361301881299002,0.024637720373339,70.19324721316755,0
UNH,399.4700012207031,0.7097625910580111,0.9987616686059508,1.7904637267040644,0.2850392003755531,0.40524843907005503,100.0,66.8766150535922,54.28353047243604,169.10405203626877,-0.0,4.72266845703125,4.0,1,1,1,1,0.9058251091018177,-0.004212788976913351,42,US,65.21524679724216,UnitedHealth Group Incorporated,Healthcare,0.05037996314876625,0.18996346052826546,87.1605984665449,1.2411045884294156,0.047841533061280694,86.4793754275826,0
SOLV,81.01000213623047,-0.18114492749764396,0.7041047910028856,-2.5390787153997766e-06,-0.049356522291911786,0.1671228621538523,81.6645385701374,93.88817952337911,70.7948298733887,173.31937471968598,-18.3354614298626,1.0926661173502603,4.0,1,1,1,1,1.371059588715284,-0.05955418260699974,42,US,65.16113191942807,Solventum Corporation,Healthcare,0.08085397511320913,2.702125122135064,84.12166138708966,0.9238488898260774,0.06595690059737191,82.68719063141376,0
GWW,1300.010009765625,0.5830573252020134,0.9426574854156596,0.18128312211675454,0.1444476772379013,0.1706064153125606,100.0,100.0,60.86992971413484,165.47039142868817,-0.0,9.22666015625,4.0,1,1,1,1,1.0217754472261538,0.0,42,US,65.15158925177533,"W.W. Grainger, Inc.",Industrials,0.053287869499967,1.5807708825999984,,0.8065217391304348,0.04229979724556765,70.61752988047809,0
LLY,1131.4200439453125,0.7359381801142694,1.0110707909598422,-8.18060665719725e-06,0.2801295711845966,0.144434352466686,100.0,88.09265350274093,71.73092525531447,120.04500507974761,-0.0,19.40733642578125,4.0,1,1,1,1,0.9922833097940144,0.0,42,US,65.07596361062735,Eli Lilly and Company,Healthcare,0.023909542031957054,0.570398265139885,62.2179269045826,0.9600940523920055,0.07382044231842033,72.01690208861524,0
JPM,312.3699951171875,0.8869514066202383,1.082093916310935,0.000305096919576903,0.19193097627042066,0.08459516796128752,100.0,82.21619609425822,64.46742160151956,167.8871091657036,-0.0,3.4946634928385416,4.0,1,1,1,1,1.0290537511900888,-0.061687802144935744,44,US,64.61688177430001,JPMorgan Chase & Co.,Financial Services,0.04363368302135351,0.06702001678227243,84.84526244479474,0.9983390520377744,0.028845855878478988,75.32005312084993,0
JCI,143.64999389648438,1.358881435980293,1.304047624656206,0.047555204557239286,0.3700795191841637,0.08831439372044891,72.20161071396254,90.7338702379875,50.70247988280405,85.95388104778057,-27.798389286037462,2.8346659342447915,4.0,1,1,1,1,1.0682966245864258,-0.025440977986970204,44,US,64.56284641871635,Johnson Controls International plc,Industrials,0.07153510750810743,1.5898737762836568,77.57333263137575,1.1935181276038873,0.021471373163166385,83.27015171636685,0
ELV,415.5299987792969,-0.025382392088955874,0.7423980121866728,0.3989629252048447,-0.009794810966428424,0.443486578766783,100.0,74.36413115898131,62.88195587836045,201.87717391243515,-0.0,6.181331380208333,4.0,1,1,1,1,1.0348925954542985,0.0,47,US,64.20670610969296,"Elevance Health, Inc.",Healthcare,0.05681730511756777,1.1275609304622283,72.52015482746803,1.1118001916896882,0.06330120274514695,84.96696044106402,0
AIZ,257.3500061035156,0.7300529126561817,1.008302887127366,0.1028718623374633,0.1790382841708189,0.15450182529094114,92.38620392619123,47.13710500068006,54.97097457333869,84.80282800513858,-7.613796073808768,1.963336181640625,4.0,1,1,1,1,1.0875834888218758,-0.0031762299320958753,48,US,64.11780025606159,"Assurant, Inc.",Financial Services,0.034074059359124664,-0.001799006099187156,95.20259366744317,1.0806475134898643,0.03498149150750063,75.25614712865709,0
CCI,94.48999786376953,-0.18292167232162715,0.7036907636806236,0.067275573908612,-0.04902830490138854,0.05795666723216342,100.0,77.59197594655168,72.25696198962939,175.26276669462987,-0.0,1.2159988403320312,4.0,1,1,1,1,1.162786740680286,-0.14060930383763093,52,US,63.686988572655494,Crown Castle Inc.,Real Estate,0.03267757228163415,0.094999626779371,67.08571697624598,1.311628629314057,0.04105579389441627,79.08841402068494,0
FTV,61.279998779296875,0.5072446001625042,0.9120041569829784,0.06631721928746868,0.1300471164122865,0.06895029737491987,94.18952859914303,98.06317619971433,64.91841077292577,127.47908648303707,-5.810471400856965,0.585332743326823,4.0,1,1,1,1,1.0527368202546754,-0.01177228772771688,53,US,63.517009805091014,Fortive Corporation,Technology,0.05075444272910978,0.4774693311419151,94.31131090659485,1.307634058000772,0.02352467223554333,84.93516841724013,0
MTB,222.44000244140625,0.9603942628874672,1.1166348721430623,-0.011705708567716373,0.2107612716905869,0.06431019466855914,100.0,92.13256944720631,78.48083221224255,169.2466926686198,-0.0,2.2749064127604166,4.0,1,1,1,1,0.9568720056265667,-0.05233391367568896,53,US,63.48229835150416,M&T Bank Corporation,Financial Services,0.03648479478489408,1.3309649780044008,69.2572580566474,1.0171782834390364,0.04075269997870268,77.26588595114491,0
UDR,39.20000076293945,-0.28148985005909055,0.6814605275296852,0.00010921202234836857,-0.055689568628338404,0.06554692098106196,100.0,90.20983498103323,69.32203839133716,181.65790278814254,-0.0,0.4213338216145833,4.0,1,1,1,1,1.2994282762625566,-0.02082229984546291,59,US,62.76950083895953,"UDR, Inc.",Real Estate,0.06233060005288893,0.03063380387640095,89.65508623173059,1.0828997457301628,0.04589409475637107,83.017747193046,0
TFC,49.20000076293945,1.280193613640669,1.2670399055382335,-0.007802708061122073,0.2982368338572976,0.06947273088054584,100.0,78.01043216595595,62.64108668012574,132.62164903746407,-0.0,0.6020004272460937,4.0,1,1,1,1,0.9777525275118547,-0.10013752440306378,66,US,62.40990131291202,Truist Financial Corporation,Financial Services,0.020535193886482617,0.0028808012760564022,59.76332340409203,1.459852205698562,0.019592174827702147,69.2970340858787,0
AVB,189.72000122070312,-0.2426048906704927,0.6900604449579337,0.07570397789127055,-0.048938388036991354,0.07838293861256718,100.0,80.05700086422907,69.08856654036296,186.70275096529292,-0.0,1.7306671142578125,4.0,1,1,1,1,1.085721590401478,-0.056073034429087176,67,US,61.97332426779906,"AvalonBay Communities, Inc.",Real Estate,0.039504722650118396,0.04925264155971194,97.4966778510672,1.0002455683998945,0.028668711853810702,75.81447945591371,0
INVH,30.040000915527344,-0.4000745172271186,0.6565091337941431,0.28323261165441593,-0.08282037470697712,0.16011037156856678,100.0,90.31530544651304,78.90413607503984,212.28574195200196,-0.0,0.27999979654947915,4.0,1,1,1,1,0.985238176945571,-0.07913678318826023,74,US,61.671974775548506,Invitation Homes Inc.,Real Estate,0.02700857830862713,0.00718788440027552,75.4839130445483,0.9705760608688868,0.03732830503093898,70.35671455591775,0
AFL,118.23999786376953,0.7643580942915564,1.0244369786361314,0.02343216781947122,0.12929911832309848,0.06795105547139824,100.0,64.54483309670478,56.679411522741084,84.85555133472707,-0.0,1.0417943318684897,4.0,1,1,1,1,1.0834659487693374,0.0,75,US,61.546846545951915,Aflac Incorporated,Financial Services,0.05177014578916728,-0.0002174538042273289,95.18636943595746,1.0952045439988098,0.028252077090599848,77.32729687311361,0
FOXA,66.88999938964844,0.6180683112853875,0.9575199518973354,0.03091603405232382,0.17547886806221302,0.1189361116684049,100.0,56.170747117637035,56.81817486383387,134.49689428519923,-0.0,1.028668212890625,4.0,1,1,1,1,0.9894157417115587,-0.11682929907779571,79,US,61.16844001240546,Fox Corporation,Communication Services,0.046464350841393776,0.18392531219701044,68.4931610971128,0.8958261871538613,0.029060319225523434,69.05589762163467,0
ALL,221.00999450683594,0.23000785902534598,0.8150798802868191,0.09255789664720297,0.05432152999708828,0.046412412939609515,86.98908505065907,47.4090579893497,54.96761259460865,103.83375625383106,-13.01091494934093,3.2678599039713543,4.0,1,1,1,1,1.142925925050118,-0.01071208103629373,82,US,60.24622070599836,The Allstate Corporation,Financial Services,0.07804497550711598,0.038995579541206096,93.85959922300728,0.9563970214688885,0.03895445459074165,78.48042174735403,0
DE,583.4400024414062,0.507956014949378,0.912282534308936,-0.009092711623694566,0.15153892471368668,-0.007839650642947449,86.73160320817051,95.57720106939014,59.49889466002747,94.13579914239342,-13.268396791829495,8.437333170572916,4.0,1,1,1,1,1.1954890478616884,-0.11674672458014179,86,US,59.93194885130138,Deere & Company,Industrials,0.07610020716920496,32.82626985867477,85.64271448245609,1.504666648419752,0.032447022971109574,92.29385488349632,0
CNC,62.33000183105469,0.003969885417456016,0.7500853162871881,1.0085934020151608,0.002552869971898186,0.4279495911151552,93.26049510447334,80.70408782770261,62.378048936502296,146.1947548527102,-6.739504895526661,1.1220003763834636,4.0,1,1,1,1,0.8255879394275373,-0.005901099320296366,89,US,59.705628583470514,Centene Corporation,Healthcare,0.045805426624616175,3.7444579868550876,66.30825842947553,0.8631902785328734,0.07342744111708432,74.58191476518171,0
ES,70.5999984741211,0.25088527330514676,0.8216557251770185,-0.005801036578896341,0.06106215180771324,-0.04032683932940462,100.0,82.12640151491189,68.09058413468776,134.28521872578,-0.0,0.8852508544921875,4.0,1,1,1,1,1.1554794638032917,-0.05270494556347405,92,US,59.52936755970131,Eversource Energy,Utilities,0.034129221409465504,-0.00035595757989668987,68.46277918032945,1.075363251258638,0.027661945837987867,69.21469676848162,0
NWS,31.190000534057617,-0.14179711849073234,0.7134003598301416,0.2684808154601641,-0.03512054009867316,0.13014471066712807,100.0,71.33331298828124,61.453406140037394,189.98418404255236,-0.0,0.4446665445963542,4.0,1,1,1,1,0.9869645138873322,-0.10714294684368153,95,US,59.38483590587748,News Corporation,Communication Services,0.04594234920368523,0.48818582727546345,72.16828359107214,0.8802528548976697,0.03045676486890847,70.54295947523039,0
NWSA,27.260000228881836,-0.09068199891823714,0.7258487628067972,0.2289229443028646,-0.02205286871890444,0.11185681317198082,100.0,75.72812657402744,61.96428218666532,187.93777227700556,-0.0,0.39533348083496095,4.0,1,1,1,1,0.9703716264272307,-0.11782416530383544,95,US,59.22634810061152,News Corporation,Communication Services,0.04444443794857866,0.4949471054005753,71.80450966079309,0.8542617884870418,0.032607284909719425,69.62606141092195,0
WYNN,104.4800033569336,0.8256732051386532,1.0532741269069645,-0.08137836074548022,0.2920581300591161,0.03094637700841929,82.55323044797207,81.390077847961,72.67414096872098,78.3742922446652,-17.446769552027927,1.3693323771158854,2.0,1,1,0,0,1.0820116818345134,-0.21118843343891214,97,US,58.78197787691549,"Wynn Resorts, Limited",Consumer Cyclical,0.032207094417260995,4.859883453767532,66.66669267007987,0.895705050737565,0.025340415710136455,69.28480019316673,0
AMT,194.1199951171875,-0.5726203463160414,0.6233022062069196,0.0004814772799677973,-0.13789361926479593,0.03960745809997657,100.0,89.64573563257527,83.99420916605278,188.23455063087022,-0.0,2.31199951171875,4.0,1,1,1,1,1.0707656740564924,-0.14046736378690738,98,US,58.66178002560616,American Tower Corporation,Real Estate,0.03829689851412077,0.8328130235259711,70.18037909628963,1.2138062658157744,0.052856975103654946,83.3244798583444,0
FAST,46.790000915527344,0.3838957323985014,0.866176948877572,-0.008353475367081833,0.09552782799112336,0.012469359427127014,89.80719495829581,96.60239831943193,74.89423496490102,150.93761821591073,-10.192805041704192,0.520666758219401,4.0,1,1,1,1,0.9393264933393977,-0.05645049685954495,106,US,57.79796979745688,Fastenal Company,Industrials,0.05859728750863602,3.0732361835295663,84.53337049699961,1.0278934295345674,0.04138588290454415,84.9199565374864,0
UPS,108.54000091552734,0.2945901897070877,0.8357710969232615,-0.028736879674313893,0.08609934502255112,0.07824971110234791,88.56364856386669,95.32304833634777,78.02689560163856,67.82860873874647,-11.436351436133306,1.3714370727539062,4.0,1,1,1,1,0.9860453750430644,-0.0674266325247741,106,US,57.717533061367305,"United Parcel Service, Inc.",Industrials,0.01733994218565238,6.914778681102635,65.65143583752348,0.8764901080694003,0.0414747234403503,69.27972956658216,0
WFC,81.94000244140625,0.27626902416421417,0.8297952948098068,-0.1597195727930248,0.07392637321547979,0.024726051387434778,100.0,95.791796252221,81.32353106171954,172.08405636810926,-0.0,0.9313339233398438,3.0,1,1,1,0,1.0712411674457802,-0.14084979238480566,106,US,57.70725481308299,Wells Fargo & Company,Financial Services,0.05674492486364935,4.465196663110099,83.03298848375778,0.9846207249437742,0.049715216012881314,84.04064549881284,0
CPT,112.5999984741211,-0.33004785708035095,0.6710176473879883,-3.537440734155974e-07,-0.06405825611102856,0.06855604795978065,100.0,100.0,85.07359667493051,195.53215238926074,-0.0,1.044666544596354,4.0,1,1,1,1,0.9502969220475075,-0.010847118792923993,112,US,57.35053796788892,Camden Property Trust,Real Estate,0.056681691571981885,0.6245323786673714,93.14291070437916,1.0357977048847364,0.050975401648445606,84.8936375709284,0
PH,882.3400268554688,1.4149641919583757,1.3304239408241723,-0.14982921935261778,0.34830896173552195,-0.042638004245933,100.0,82.68861638700683,57.58116043132111,155.64416664678814,-0.0,9.807340494791667,2.0,1,0,0,1,1.1024017686664658,-0.13556492236009987,117,US,56.913523550508536,Parker-Hannifin Corporation,Industrials,0.04464679416389927,0.0004917835704119809,73.46024363923289,1.4539007534943535,0.01649267953861333,75.64706829248662,0
AMGN,349.5799865722656,0.6290714457034449,0.9622881487918412,-0.13292113980296474,0.17186039150266463,-0.0468437149094213,100.0,97.58553874913865,72.86306168110193,189.20377081893693,-0.0,3.8859965006510415,4.0,1,1,1,1,0.9574347341430899,-0.09259113151896503,118,US,56.68636829925806,Amgen Inc.,Healthcare,0.03797612073648504,0.12621707432265197,71.42376631183777,0.9205131843266696,0.03866820222156897,71.21686989416074,0
ABBV,227.22999572753906,0.4808134714889766,0.9017806887843337,-0.05119604804909117,0.11651955732557795,-0.004323431133999578,100.0,94.57700722558182,71.99581618978299,211.15526470820794,-0.0,2.5773335774739583,4.0,1,1,1,1,0.8958890053354887,-0.04810732665006978,122,US,56.3850188070075,AbbVie Inc.,Healthcare,0.04367993043135998,1.2147698503811382,74.90829944935707,1.0584751343046206,0.0569228400410875,82.42561068855889,0
LIN,507.8999938964844,0.36000706539007304,0.8578289186267839,0.1594668526510638,0.06094506421916024,0.05462203857667536,62.741419378536264,59.068958128780544,53.01522275296825,32.716503219533024,-37.258580621463736,4.1107421875,4.0,1,1,1,1,1.0429789278117745,-0.015599410880957731,124,US,55.785023578341324,Linde plc,Basic Materials,0.023741860224502753,-0.035069093218286065,88.42360952106002,1.3008563707279508,0.008143413164186208,69.6290393979637,0
MAA,137.5399932861328,-0.4803225896260505,0.6406356848029183,-0.0009144764283066176,-0.08990130597066603,0.04846788511895128,100.0,100.0,81.27971215695483,214.9729573521893,-0.0,1.3620010375976563,4.0,1,1,1,1,0.9484758205534282,-0.07036508645188522,129,US,55.236956366152164,"Mid-America Apartment Communities, Inc.",Real Estate,0.06562319269602113,0.8274162642626457,90.91784277388814,1.337635458815869,0.051526643920736914,90.98756489194736,0
PCAR,116.68000030517578,0.9905988645077404,1.1308404172909352,-0.10975603208208064,0.2609445361086433,-0.028128976122579585,84.0779054392406,94.69263514641352,63.29430819419477,154.57000939727737,-15.922094560759408,1.74666748046875,2.0,1,0,0,1,1.0136047001554884,-0.09605784149444552,131,US,54.77835166320746,PACCAR Inc,Industrials,0.057171309246788704,2.3177623389558244,78.97152393135926,1.3652961201751659,0.026293150534430598,86.46078313010582,0
CARR,67.16000366210938,-0.12972925236537095,0.7163006667304622,0.023440060802178156,-0.044683765221026905,0.1550851594885727,80.56342523168905,93.52114174389635,57.459575395949244,100.6354487403326,-19.436574768310944,1.25,4.0,1,1,1,1,0.942132687562879,-0.15832274877909513,138,US,54.14571255894585,Carrier Global Corporation,Industrials,0.051510956399628105,4.844801124046014,77.19012516622308,1.0671409791386324,0.0303664904322134,82.67085194575233,0
CB,326.2699890136719,0.6185940791428906,0.9577467175787611,-0.0009367198029111267,0.10905775364170034,-0.002337940564948515,80.24330914696264,39.22142261004897,52.25627500909422,47.06919717667281,-19.756690853037355,3.402665201822917,4.0,1,1,1,1,1.0498106885035277,-0.04529954095646005,140,US,53.87589363106456,Chubb Limited,Financial Services,0.04664285604500695,-0.07674148026974106,89.42509789124225,1.2696378830083566,0.018634680352231037,74.2118395106443,0
KDP,30.530000686645508,-0.34165037349161187,0.6685696127435226,0.007643170167897437,-0.09469388214747387,0.0902534155149819,98.92480836772887,90.86023876056436,69.04762877899228,92.9824959164667,-1.0751916322711308,0.291333262125651,4.0,1,1,1,1,0.9331840786643009,-0.10981418703602652,140,US,53.72384712646419,Keurig Dr Pepper Inc.,Consumer Defensive,0.01665001626930862,1.1725996805624563,66.89189711655192,1.048351983692861,0.032088959135333495,71.95524970823774,0
CDW,133.0399932861328,-0.909683587087356,0.5672527434847289,-0.009896970588277404,-0.364911490936793,0.08433676053157058,78.85668545238086,88.55690672474702,78.0828315534194,63.121075571301134,-21.143314547619145,3.753407287597656,3.0,1,1,1,0,1.1986633954995114,-0.258307001496757,146,US,53.250113319178375,CDW Corporation,Technology,0.06050216438843026,1550.8063511281057,63.66582524421215,0.9785628193724032,0.08008649087524033,82.49893355869452,0
PCG,17.110000610351562,0.09368955353185404,0.7746020002658203,-0.009570945887017582,0.025949507157103202,-0.05615610294801554,100.0,98.9999771118164,67.5000187328807,192.68830965261893,-0.0,0.2320000966389974,4.0,1,1,1,1,0.9466033463906042,-0.10208883752890874,148,US,53.03339536067307,PG&E Corporation,Utilities,0.04712365058587342,0.7231175582894297,81.81812449754882,1.0664360952723704,0.03230482073288066,80.92913195702042,0
HRL,23.6200008392334,-0.9837013631018435,0.5562682086659837,-0.1825739802393313,-0.29055258374028237,-0.018987327232108497,100.0,93.41991209022767,83.79788636732177,79.96268222521398,-0.0,0.40000038146972655,4.0,1,1,1,1,1.2345065647859756,-0.2136784965026084,159,US,52.52361810244054,Hormel Foods Corporation,Consumer Defensive,0.016788691548959234,16.45922312391943,73.49394821686687,0.7318847545088913,0.06984362325103377,69.31297034085878,0
BXP,62.33000183105469,-0.4711685133122849,0.642407510750256,4.799272185100155e-06,-0.13172179547869356,0.19349274194043198,100.0,96.18699061105559,68.9042589807337,167.4359513269333,-0.0,0.705999755859375,3.0,1,1,1,0,0.7683006218365194,-0.18374666618442448,180,US,50.6843683151625,"BXP, Inc.",Real Estate,0.0386602828597149,0.38948396375490124,74.6809244567092,0.8292392972173456,0.03709840274213039,69.39603203348221,0
FDS,255.6199951171875,-1.161463743354705,0.5315480410170376,0.07038387758175182,-0.4746091348904995,0.13723484785999562,69.53851853863848,72.88362590817188,75.6656844037369,75.7583300373298,-30.461481461361522,6.567762247721354,3.0,1,1,1,0,0.9497493115484092,-0.4226479095983825,184,US,50.08123195839397,FactSet Research Systems Inc.,Financial Services,0.04134922331042179,22.249390712123173,61.28529421944018,1.1941772093770808,0.07221600865835143,84.9213248018029,0
CINF,165.2899932861328,0.5396205318835823,0.9248473779816732,4.538423429222616e-07,0.10608253748977248,0.005294376188123451,72.30763813446256,38.404556249519096,47.46294243315797,30.93613761142076,-27.69236186553743,1.558665974934896,4.0,1,1,1,1,0.9634850371464828,-0.03697860894820992,184,US,49.97107378867763,Cincinnati Financial Corporation,Financial Services,0.049993617130787316,-0.11962083619187834,93.48069465520149,1.1481083544963209,0.017308514305411915,72.3045595396193,0
COO,67.33999633789062,-0.45962936383751846,0.6446549944644276,-0.5755513484791568,-0.141472318792502,-0.12031360348398701,100.0,66.86508409561125,75.31107167339172,318.0569542858058,-0.0,1.0693326314290366,2.0,1,1,0,0,1.2512517672596029,-0.20137575211561431,200,US,48.30373118305222,"The Cooper Companies, Inc.",Healthcare,0.10014699142468997,0.09958979237550694,82.02718043812054,2.0911336238332505,0.08464998035272031,90.77033281017346,0
BRK-B,488.1300048828125,-0.19422864489378655,0.7010673142232038,-0.0498421380101362,-0.027949429011443705,-0.02174437024454856,98.61802072631514,57.600857888826454,54.910467384428905,129.9469014060508,-1.3819792736848675,3.776664225260417,3.0,1,1,1,0,1.0446920242491584,-0.04997955041319091,207,US,47.7014099291457,Berkshire Hathaway Inc.,Financial Services,0.02876832233271398,-0.007107485811394895,80.9804690259725,1.2525018797934733,0.01978731367337172,72.28033321260412,0
MDT,81.66999816894531,-0.3600944233598338,0.664714625471309,-0.5370651961487759,-0.07542795636229926,-0.09420453877172486,96.82148989571607,94.4731307873783,66.29277851664662,146.278758299429,-3.1785101042839328,1.1840006510416667,2.0,1,1,0,0,1.188636838060407,-0.21269840942962936,217,US,46.65269063466692,Medtronic plc,Healthcare,0.10648964734231203,0.3107020715908705,94.4569587063878,1.6007798930027166,0.04693128695441162,91.11103062497484,0
WRB,68.56999969482422,-0.3541778974190159,0.6659463853846651,-0.08058247705970466,-0.07529535720905733,-0.01930775900278403,96.36010733766348,60.98335369786826,58.346464497796795,88.07696799049455,-3.6398926623365235,0.8746668497721354,3.0,1,1,1,0,1.0558659061496072,-0.11096613066105054,225,US,46.34408473888875,W. R. Berkley Corporation,Financial Services,0.07916271178503687,0.0005163533501927649,,1.0869504496294315,0.034803679064214554,76.39442231075698,0
APTV,68.5999984741211,-0.3258341326670372,0.6719111518226297,-0.3896780097188412,-0.12782532555713044,-0.05639612993436627,66.10308774967784,83.34020241019653,70.82359465902302,50.13213401336639,-33.89691225032217,2.497333526611328,2.0,1,1,0,0,1.2312707564932839,-0.22634487548521554,225,US,46.15352959419806,Aptiv PLC,Consumer Cyclical,0.009714395186900981,927.5228422861313,51.92981313335692,1.4562325628633048,0.06983520608334048,78.66111312326453,0
ADP,231.9499969482422,-1.3481889372986353,0.5078420095038615,-0.002844214350292594,-0.32724201005900266,0.03370960648846277,88.87503259916072,84.21586657190383,67.13080418783116,101.5649445686215,-11.12496740083928,3.8066680908203123,3.0,1,1,1,0,0.9685023170476698,-0.27241216505924204,231,US,45.719159290979796,"Automatic Data Processing, Inc.",Technology,0.04557338972794045,2.3667834753490467,72.88364713188105,1.1245866128562723,0.04565481062932886,83.77286812346574,0
PGR,204.02000427246094,-1.130256628491217,0.5357275466227949,-0.06244026823505961,-0.25604440952575136,-0.030742795951849478,100.0,53.03926518491922,55.459414115444815,112.49020567504431,-0.0,2.8093332926432293,3.0,1,1,1,0,1.1390856131832634,-0.22461393232655225,237,US,44.78433571104803,The Progressive Corporation,Financial Services,0.07153367023415669,8.226862398384718e-05,83.4808323762212,1.0768458876806593,0.03218595188508866,77.8260694595356,0
PAYX,100.52999877929688,-1.470022611519104,0.4934820852463368,-9.538989849239502e-05,-0.3918139396668078,0.009648257023676221,76.67883891642136,73.40205661848894,69.15210975408768,98.76570498929736,-23.32116108357864,1.7453328450520833,3.0,1,1,1,0,0.9240292506414035,-0.3449482790899856,240,US,44.383543669632836,"Paychex, Inc.",Technology,0.03660543719819809,2.1512129890710185,65.39459431560796,0.8679127912759699,0.044773583161275665,70.71286570888165,0
ORLY,90.33000183105469,0.14867132640425176,0.7904344458531293,-0.04218049731736974,0.03418870371839566,-0.045137385961317,67.10316176957204,40.48008217945371,56.353603386438756,26.990224752885776,-32.89683823042796,1.0446670532226563,0.0,0,0,0,0,1.2023850611251385,-0.1622147830947278,240,US,44.27909121995054,"O'Reilly Automotive, Inc.",Consumer Cyclical,0.039709998695942605,-0.08454703842762173,86.31589598950194,1.2397196728565107,0.005542758341889886,69.42701919594352,0
NVR,6182.5498046875,-0.6063605217030615,0.6171976366436517,-0.45187692559375875,-0.16479602830814544,-0.11155327328335374,100.0,96.4773726738337,85.02277256063934,83.88604328672932,-0.0,66.70667317708333,1.0,1,0,0,0,1.196319018404908,-0.276302258610851,240,US,44.23887285190575,"NVR, Inc.",Consumer Cyclical,0.012735880370770003,0.597459813982201,69.35527787231973,1.2903706463028497,0.01411832929884227,72.4462956255785,0
HIG,132.13999938964844,0.2622059428835147,0.8252660040357429,-0.04898329306808314,0.04929435118395076,-0.046559448840657214,61.356408761857594,25.037373496377413,47.54788073167233,17.035520963271974,-38.643591238142406,1.583045450846354,1.0,1,0,0,0,1.1518712671335882,-0.07103269960280412,246,US,43.45343178185461,"The Hartford Insurance Group, Inc.",Financial Services,0.044337316561086304,-0.2336108619881275,84.75840226896715,1.3334897600654585,0.008091496679016652,69.30355346291601,0
WM,220.39999389648438,-0.31161167280837776,0.674944620387257,-0.07156715138435284,-0.05797201125036444,-0.09678821268276672,87.80056649211384,70.94092173497616,52.980210079358415,91.33155258220812,-12.199433507886152,1.7759765625,2.0,1,0,0,1,1.122432191154695,-0.09847361714756675,246,US,43.38663310828542,"Waste Management, Inc.",Industrials,0.04679425494725997,0.06168338984511825,94.75354250591226,0.9834415877207384,0.014144056339119304,72.94426335063784,0
AXON,486.1199951171875,-0.8252847223326946,0.5803194189916797,-0.08396421826395441,-0.4585087744425924,-0.1531158222908413,78.82719943651057,90.19483779247071,72.87156132903877,81.72545427065496,-21.172800563489435,13.980668131510416,3.0,1,1,1,0,1.042673014972814,-0.4418636560744478,254,US,42.65214590738841,"Axon Enterprise, Inc.",Industrials,0.0833481765794728,3906.6935315435157,67.18118116265697,1.0705793610984542,0.11076418700036794,87.93472574349069,0
AJG,216.13999938964844,-1.3538601185690657,0.5071550554285552,-0.1262638047233157,-0.3784210454886543,-0.04940411222559793,100.0,83.17918862927125,69.16759771301004,256.8191683125544,-0.0,3.0817057291666665,2.0,1,1,0,0,0.9731027920294614,-0.3351582399266151,259,US,41.963543033455,Arthur J. Gallagher & Co.,Financial Services,0.07831255871171461,1.0634690177105302,84.31333700238488,0.8458129020265936,0.05191956995769109,77.66783371564249,0
ZBH,87.33000183105469,-0.2743944512402113,0.6830137431572733,-0.09923769575854577,-0.08353263210581618,-0.06952343482000167,100.0,90.22223578559027,65.08728448412543,136.37555735086357,-0.0,0.8720006306966146,1.0,1,0,0,0,0.9602006360307883,-0.18285355101026812,262,US,41.69296864438453,"Zimmer Biomet Holdings, Inc.",Healthcare,0.060731202341768986,0.3337942793317314,,0.9554209169622596,0.0294187603183218,73.00796812749003,0
CTAS,179.85000610351562,-1.252715900734573,0.519692619372426,-0.2517622150050214,-0.24553453565559002,-0.11429189979471133,98.91088570418513,99.63696190139505,70.75542016576102,197.59905164201325,-1.089114295814864,2.040665690104167,2.0,1,1,0,0,0.9896485344059899,-0.20250909577326737,266,US,41.20820112762523,Cintas Corporation,Industrials,0.0501577243501361,1.7663195459533172,98.75141373081179,1.1152696406550644,0.038544543734205794,86.93227091633466,0
ARE,51.279998779296875,-0.6875256154528714,0.6029910671471691,-0.10575674367052175,-0.3011540629195787,0.026812907733951175,74.72526839124548,85.2687782921521,68.0595223746063,71.47535283602409,-25.27473160875452,1.244666544596354,3.0,1,1,1,0,0.8213082577396326,-0.3859440215855088,269,US,40.92066862291353,"Alexandria Real Estate Equities, Inc.",Real Estate,0.03220608825065563,4.843246472938142,57.75193082090661,1.3050762634073962,0.047900630906527075,81.40182703529317,0
VRSK,181.72999572753906,-1.4327362537660342,0.4977898520475311,-0.13751213179310776,-0.45085636020841635,-0.15197363240043615,83.17050410187508,81.28254260629207,78.7642393259404,111.49775966713224,-16.82949589812492,2.6033335367838544,2.0,1,1,0,0,0.9739148120288457,-0.42872591494408596,285,US,39.21402215489341,"Verisk Analytics, Inc.",Industrials,0.03851642964053914,3.9752649566773295,68.70142714643535,1.0745167730988079,0.03559364640845608,79.77415590164594,0
CPB,21.68000030517578,-1.176996060035454,0.5294920415954383,-0.43868550688649816,-0.34060481175153745,-0.1447867535350471,100.0,96.3963731757051,73.92547794336656,140.94945348055245,-0.0,0.24000027974446614,2.0,1,1,0,0,0.981839046914765,-0.3342857233218841,288,US,39.03621044763064,The Campbell's Company,Consumer Defensive,0.02700140589028277,3.421077804578964,85.18510669360498,1.3917405031062227,0.04000350131486696,86.8351241498652,0
ABT,91.06999969482422,-1.3826778822130894,0.5036928596611727,-0.5090921977175218,-0.3371101155476691,-0.16355111469856565,100.0,85.97699254423736,70.75471019099876,184.92212879333673,-0.0,1.0886667887369792,1.0,1,0,0,0,0.9788771062107248,-0.32698152570806693,310,US,36.42605227791429,Abbott Laboratories,Healthcare,0.06390188455852419,1.1878773001801,88.57548692564296,0.9083955232005054,0.0327457941670628,77.87661475310878,0
CSGP,33.88999938964844,-1.4337174160935904,0.49767553316074886,-0.7218765406499139,-0.5526854103921723,-0.2995039553237301,93.37021581520823,81.9308793790144,60.449054296579554,62.50137301251158,-6.629784184791772,0.44133288065592446,1.0,1,0,0,0,1.2058624561787905,-0.6500051766106705,324,US,34.51238956350248,"CoStar Group, Inc.",Real Estate,0.052484428157346,0.28840533948466973,82.37549236694217,0.9833140132215462,0.005115951580646261,71.36906917783412,0
EFX,172.1300048828125,-0.9478129600228915,0.5615405594495188,-0.2692863970566257,-0.33558812182635256,-0.16667612222730455,74.86138404882905,71.8097923342968,68.36250977466938,85.94517939302827,-25.138615951170948,2.6397369384765623,1.0,1,0,0,0,0.8700184508383201,-0.36029373820403365,333,US,33.419674595033044,Equifax Inc.,Industrials,0.038241219937427795,3.4831672882185876,67.3794125200669,0.9636066224789857,0.019776010166548952,71.72014970421344,0
